<?xml version="1.0" encoding="UTF-8"?>
<project-private xmlns="http://www.netbeans.org/ns/project-private/1">
    <editor-bookmarks xmlns="http://www.netbeans.org/ns/editor-bookmarks/2" lastBookmarkId="0"/>
    <open-files xmlns="http://www.netbeans.org/ns/projectui-open-files/2">
        <group>
            <file>file:/C:/Users/rafael.soares/Documents/NetBeansProjects/PSW2/Spoleto/src/java/Molho.java</file>
            <file>file:/C:/Users/rafael.soares/Documents/NetBeansProjects/PSW2/Spoleto/web/ingredientes.html</file>
            <file>file:/C:/Users/rafael.soares/Documents/NetBeansProjects/PSW2/Spoleto/web/molhos.html</file>
            <file>file:/C:/Users/rafael.soares/Documents/NetBeansProjects/PSW2/Spoleto/src/java/Ingredientes.java</file>
            <file>file:/C:/Users/rafael.soares/Documents/NetBeansProjects/PSW2/Spoleto/src/java/Home.java</file>
        </group>
    </open-files>
</project-private>
